chromosome	start	end	num_cpgs_in_group	called_sites	called_sites_methylated	methylated_frequency	group_sequence
chr1	24148987	24148987	1	1	1	1.000	split-group
chr1	24148997	24148997	1	1	1	1.000	split-group
chr1	33766348	33766348	1	1	0	0.000	CTGTGCGAGGG
chr1	33766396	33766396	1	1	1	1.000	TCCCCCGCCCC
chr1	33766930	33766930	1	1	1	1.000	split-group
chr1	33766936	33766936	1	1	1	1.000	split-group
chr1	39551669	39551669	1	1	1	1.000	TCCTCCGCTCT
chr1	39551928	39551928	1	1	1	1.000	TATAACGGAAA
chr1	86369207	86369207	1	1	1	1.000	ATAACCGTTTA
chr1	109842452	109842452	1	1	1	1.000	GCCCTCGGCTG
chr1	109842480	109842480	1	1	0	0.000	AGGGGCGGGAC
chr1	109842503	109842503	1	1	0	0.000	AGAAGCGTTTG
chr1	109842563	109842563	1	1	1	1.000	split-group
chr1	109842567	109842567	1	1	1	1.000	split-group
chr1	109842602	109842602	1	1	1	1.000	AGGGCCGTACT
chr1	109842731	109842731	1	1	1	1.000	TGTGCCGCCTG
chr1	109842749	109842749	1	1	1	1.000	AATGTCGGCAT
chr1	109842806	109842806	1	1	1	1.000	GGCTCCGAGAA
chr1	109842818	109842818	1	1	0	0.000	GAAGCCGGTAT
chr1	109842837	109842837	1	1	1	1.000	CCTCCCGGCTA
chr1	109842850	109842850	1	1	1	1.000	split-group
chr1	109842853	109842853	1	1	1	1.000	split-group
chr1	109843103	109843103	1	1	1	1.000	split-group
chr1	109843113	109843113	1	1	1	1.000	split-group
chr1	109843379	109843379	1	1	1	1.000	split-group
chr1	109843381	109843381	1	1	1	1.000	split-group
chr1	109843404	109843404	1	1	1	1.000	split-group
chr1	109843406	109843406	1	1	1	1.000	split-group
chr1	109843412	109843412	1	1	1	1.000	split-group
chr1	109843434	109843434	1	1	0	0.000	CTGGACGGCTC
chr1	109843446	109843446	1	1	0	0.000	ATTGCCGGTTC
chr1	109843580	109843580	1	1	1	1.000	ATGGACGTGAG
chr1	109843603	109843603	1	1	1	1.000	GACTACGTGCA
chr1	166457885	166457885	1	1	1	1.000	GCTAGCGTTTT
chr1	166458061	166458061	1	1	1	1.000	CCCACCGGCAC
chr1	166458159	166458159	1	1	0	0.000	TCCCCCGTGGA
chr1	166458184	166458184	1	1	1	1.000	TCAACCGTATA
chr1	166458704	166458704	1	1	1	1.000	TCTGGCGAAAG
chr1	166459238	166459238	1	1	1	1.000	split-group
chr1	166459242	166459242	1	1	1	1.000	split-group
chr1	166459281	166459281	1	1	1	1.000	split-group
chr1	166459288	166459288	1	1	1	1.000	split-group
chr1	166459296	166459296	1	1	1	1.000	split-group
chr1	166459324	166459324	1	1	0	0.000	split-group
chr1	166459326	166459326	1	1	0	0.000	split-group
chr1	166459343	166459343	1	1	0	0.000	GGGTGCGGTGG
chr1	166459370	166459370	1	1	0	0.000	AAAAGCGAAAG
chr1	166459404	166459404	1	1	0	0.000	TTCCACGTGGT
chr1	166459433	166459433	1	1	0	0.000	GCTGCCGTTTT
chr1	166459478	166459478	1	1	1	1.000	CCCCTCGTCTT
chr1	166459523	166459523	1	1	0	0.000	CAATCCGCTTG
chr1	166459826	166459826	1	1	0	0.000	GATGCCGCATA
chr1	166459984	166459984	1	1	1	1.000	AGCTCCGTTTT
chr1	166460060	166460060	1	1	1	1.000	CTGGACGAGAG
chr1	166460285	166460285	1	1	1	1.000	AAGTACGCCAA
chr1	166460729	166460729	1	1	1	1.000	CAATTCGACTC
chr1	166461514	166461514	1	1	0	0.000	CACCTCGGCAG
chr1	166461531	166461531	1	1	1	1.000	GGTTTCGTGCC
chr1	176534853	176534853	1	1	1	1.000	TTCTGCGACAT
chr1	176534969	176534969	1	1	1	1.000	GCTGACGCCTC
chr1	176536122	176536122	1	1	1	1.000	ACTTTCGCTCT
chr1	183639115	183639115	1	1	1	1.000	TATGACGTAGG
chr1	186831894	186831894	1	1	1	1.000	CAAAGCGCCAA
chr1	186880141	186880141	1	1	1	1.000	TTGCTCGTTTA
chr1	186880395	186880395	1	1	0	0.000	ACCTACGATTT
chr1	198427877	198427877	1	1	0	0.000	CATTTCGTGTA
chr1	202574571	202574571	1	1	0	0.000	CTCCCCGATTC
chr1	202989488	202989488	1	1	1	1.000	AATGCCGAGAT
chr1	202989507	202989507	1	1	1	1.000	AGTTCCGAGAC
chr1	206219604	206219604	1	1	1	1.000	GAAAACGAAAA
chr1	215818553	215818553	1	1	1	1.000	GTGAGCGGCAG
chr1	226548181	226548181	1	1	1	1.000	TAAGCCGAAAA
chr1	226548774	226548774	1	1	1	1.000	AAAGACGAACA
chr1	226549080	226549080	1	1	1	1.000	CTTAGCGGCCA
chr1	226549623	226549623	1	1	1	1.000	TAGCTCGAGAA
chr1	226549670	226549670	1	1	1	1.000	ATACTCGTTAT
chr1	226549727	226549727	1	1	1	1.000	AGGAACGTCTA
chr1	226549924	226549924	1	1	1	1.000	split-group
chr1	226549933	226549933	1	1	1	1.000	split-group
chr1	226549971	226549971	1	1	1	1.000	split-group
chr1	226549978	226549978	1	1	1	1.000	split-group
chr1	226549995	226549995	1	1	1	1.000	ATTCTCGTGCC
chr1	226550032	226550032	1	1	1	1.000	split-group
chr1	226550034	226550034	1	1	1	1.000	split-group
chr1	226550279	226550279	1	1	1	1.000	CATTTCGGCTC
chr1	226550300	226550300	1	1	1	1.000	CAAAGCGGCCA
chr1	226550386	226550386	1	1	1	1.000	TGTCACGAGAG
chr1	226550668	226550668	1	1	1	1.000	CCCCTCGAAAA
chr10	4566088	4566088	1	1	1	1.000	AGCATCGTCTT
chr10	4566147	4566147	1	1	1	1.000	GAAATCGTATG
chr10	4566303	4566303	1	1	1	1.000	GAGAACGAAAA
chr10	4566712	4566712	1	1	1	1.000	GTGGGCGAAGG
chr10	4566883	4566883	1	1	1	1.000	TTAGACGCTTT
chr10	4566972	4566972	1	1	1	1.000	AGAGACGGTTA
chr10	4567146	4567146	1	1	1	1.000	split-group
chr10	4567153	4567153	1	1	1	1.000	split-group
chr10	4567416	4567416	1	1	0	0.000	AGTGACGTCAC
chr10	4568449	4568449	1	1	1	1.000	TCTTGCGAAGT
chr10	4568581	4568581	1	1	1	1.000	GAATGCGTCTG
chr10	4568668	4568668	1	1	0	0.000	TCACTCGCCTT
chr10	4568847	4568847	1	1	1	1.000	CTGTGCGTTTT
chr10	4569596	4569596	1	1	1	1.000	AAAAACGGTGA
chr10	4569940	4569940	1	1	0	0.000	TGCATCGGGGA
chr10	4570001	4570001	1	1	1	1.000	TAGCACGACAA
chr10	42395916	42395916	1	1	1	1.000	split-group
chr10	42395926	42395926	1	1	1	1.000	split-group
chr10	42395942	42395942	1	1	0	0.000	ATCATCGAATG
chr10	42396001	42396001	1	1	1	1.000	GCAATCGAATG
chr10	42396014	42396014	1	1	1	1.000	split-group
chr10	42396024	42396024	1	1	1	1.000	split-group
chr10	42396060	42396060	1	1	1	1.000	ATCATCGAATG
chr10	42396118	42396118	1	1	0	0.000	GGAATCGAATG
chr10	42396131	42396131	1	1	0	0.000	ATCATCGAGTG
chr10	50960781	50960781	1	1	1	1.000	GACCCCGGATC
chr10	50960883	50960883	1	1	0	0.000	ATTCCCGAATG
chr10	50960913	50960913	1	1	1	1.000	split-group
chr10	50960915	50960915	1	1	1	1.000	split-group
chr10	50960936	50960936	1	1	1	1.000	GCCTGCGAGAC
chr10	50961000	50961000	1	1	1	1.000	ATGCACGGGCA
chr10	51035217	51035217	1	1	1	1.000	GGGACCGAAGT
chr10	66492336	66492336	1	1	1	1.000	ACTACCGCATG
chr10	66492371	66492371	1	1	1	1.000	split-group
chr10	66492377	66492377	1	1	1	1.000	split-group
chr10	66492469	66492469	1	1	0	0.000	TCAGACGCCTT
chr10	70749021	70749021	1	1	0	0.000	split-group
chr10	70749027	70749027	1	1	0	0.000	split-group
chr10	70749036	70749036	1	1	0	0.000	split-group
chr10	70749096	70749096	1	1	0	0.000	split-group
chr10	70749106	70749106	1	1	0	0.000	split-group
chr10	70749113	70749113	1	1	0	0.000	split-group
chr10	70749121	70749121	1	1	0	0.000	split-group
chr10	70749154	70749154	1	1	0	0.000	AAGAGCGTCTG
chr10	70749219	70749219	1	1	0	0.000	split-group
chr10	70749223	70749223	1	1	0	0.000	split-group
chr10	70749248	70749248	1	1	0	0.000	split-group
chr10	70749251	70749251	1	1	0	0.000	split-group
chr10	70749289	70749289	1	1	0	0.000	split-group
chr10	70749294	70749294	1	1	0	0.000	split-group
chr10	70749309	70749309	1	1	0	0.000	GTGTCCGAGAC
chr10	70749325	70749325	1	1	1	1.000	split-group
chr10	70749332	70749332	1	1	1	1.000	split-group
chr10	70749491	70749491	1	1	0	0.000	split-group
chr10	70749501	70749501	1	1	0	0.000	split-group
chr10	72411148	72411148	1	1	1	1.000	GGTATCGTTGC
chr10	112562340	112562340	1	1	0	0.000	ATTAACGGCAG
chr10	115130615	115130615	1	1	1	1.000	CAGCACGGGGA
chr10	115130655	115130655	1	1	1	1.000	GGGGACGACTG
chr10	115130680	115130680	1	1	1	1.000	CCTCTCGCCCC
chr10	116930277	116930277	1	1	1	1.000	GAGCACGTGAT
chr10	116931356	116931356	1	1	1	1.000	ATGAACGAAGT
chr10	116931893	116931893	1	1	1	1.000	CCCTTCGAAAT
chr10	116932308	116932308	1	1	1	1.000	TGTTACGTTCT
chr10	116932556	116932556	1	1	0	0.000	CTAAACGTACC
chr10	116932787	116932787	1	1	1	1.000	TCACTCGCAAT
chr10	116932946	116932946	1	1	0	0.000	GACAACGTTGA
chr10	116933236	116933236	1	1	0	0.000	AAAATCGACTT
chr10	116933501	116933501	1	1	1	1.000	TCTGTCGTTAA
chr10	116933749	116933749	1	1	0	0.000	TCTCACGTTTA
chr10	116934705	116934705	1	1	1	1.000	TGTTTCGTATA
chr10	116934957	116934957	1	1	1	1.000	TATTTCGTGTG
chr10	116934969	116934969	1	1	1	1.000	TTCATCGTTTC
chr10	116934985	116934985	1	1	0	0.000	TTGAACGTTTG
chr11	559244	559244	1	1	1	1.000	CCTGGCGTGTA
chr11	559354	559354	1	1	1	1.000	AGGCCCGACCT
chr11	559609	559609	1	1	1	1.000	AGCAGCGGGAT
chr11	559714	559714	1	1	1	1.000	CTGAACGCTAA
chr11	1903755	1903755	1	1	0	0.000	CCCTACGTGCT
chr11	11079275	11079275	1	1	1	1.000	ACTCACGGAGC
chr11	23668284	23668284	1	1	1	1.000	GTGCACGTATC
chr11	23668392	23668392	1	1	0	0.000	CACACCGTCTT
chr11	23668500	23668500	1	1	1	1.000	ATGATCGCCAT
chr11	86553317	86553317	1	1	1	1.000	TGGAACGTATC
chr11	92823629	92823629	1	1	1	1.000	TCAAGCGATCC
chr11	115071371	115071371	1	1	1	1.000	CACCACGCCTG
chr11	115071402	115071402	1	1	1	1.000	GGAGACGGGGC
chr11	115071492	115071492	1	1	1	1.000	split-group
chr11	115071502	115071502	1	1	1	1.000	split-group
chr11	115071508	115071508	1	1	1	1.000	split-group
chr11	115071562	115071562	1	1	1	1.000	AAGGGCGGGGG
chr11	132688905	132688905	1	1	0	0.000	AAAGTCGAAAA
chr12	1563447	1563447	1	1	1	1.000	TCTGCCGGTTC
chr12	1563678	1563678	1	1	1	1.000	AAGTCCGACAC
chr12	1563726	1563726	1	1	1	1.000	split-group
chr12	1563733	1563733	1	1	1	1.000	split-group
chr12	1563768	1563768	1	1	1	1.000	TGTGCCGACTC
chr12	1563928	1563928	1	1	1	1.000	TTTAGCGTTTT
chr12	1564203	1564203	1	1	1	1.000	TGGTACGAAGT
chr12	1564528	1564528	1	1	1	1.000	CAGCACGCCCC
chr12	1564795	1564795	1	1	1	1.000	GCTCACGTAGA
chr12	1564892	1564892	1	1	1	1.000	CAAGTCGCCTT
chr12	1565074	1565074	1	1	1	1.000	split-group
chr12	1565083	1565083	1	1	1	1.000	split-group
chr12	1565086	1565086	1	1	1	1.000	split-group
chr12	6119090	6119090	1	1	0	0.000	AAAATCGTCAA
chr12	10752049	10752049	1	1	1	1.000	AATGCCGTATT
chr12	10752243	10752243	1	1	1	1.000	CTCTTCGAATG
chr12	10752496	10752496	1	1	1	1.000	ACTAACGTACT
chr12	10753198	10753198	1	1	1	1.000	TCCCACGAAAT
chr12	10753264	10753264	1	1	1	1.000	TATATCGAAGA
chr12	10753471	10753471	1	1	1	1.000	GCAGGCGAAAT
chr12	10753508	10753508	1	1	1	1.000	GAAGTCGGCCA
chr12	16012279	16012279	1	1	1	1.000	TGTGACGACTT
chr12	16012448	16012448	1	1	1	1.000	CCCCACGTATT
chr12	16012997	16012997	1	1	0	0.000	TAAAACGTTCA
chr12	20755199	20755199	1	1	1	1.000	ACCAGCGTGCA
chr12	20755240	20755240	1	1	1	1.000	AGATGCGGGTT
chr12	20755687	20755687	1	1	0	0.000	AAATACGCAAA
chr12	20755961	20755961	1	1	0	0.000	TATCACGGACA
chr12	30745050	30745050	1	1	0	0.000	CAAACCGAATC
chr12	51028294	51028294	1	1	1	1.000	TGTTTCGACAC
chr12	51028351	51028351	1	1	0	0.000	TGCTCCGTCAC
chr12	56017838	56017838	1	1	0	0.000	AGTGACGTGCT
chr12	56019100	56019100	1	1	1	1.000	ATAGCCGTAAC
chr12	56019366	56019366	1	1	0	0.000	CAAGTCGTTAG
chr12	56019462	56019462	1	1	1	1.000	TATTTCGGTTA
chr12	67662276	67662276	1	1	0	0.000	GCTGGCGTCAG
chr12	67662413	67662413	1	1	0	0.000	split-group
chr12	67662420	67662420	1	1	0	0.000	split-group
chr12	89133262	89133262	1	1	1	1.000	TTGTACGGTCA
chr12	90806794	90806794	1	1	1	1.000	AATTTCGAATT
chr12	95461810	95461810	1	1	0	0.000	CACCACGCCAG
chr12	115241308	115241308	1	1	1	1.000	GAACACGTTCT
chr12	125328817	125328817	1	1	1	1.000	split-group
chr12	125328825	125328825	1	1	1	1.000	split-group
chr12	125328860	125328860	1	1	0	0.000	TCAGACGTGAC
chr12	131812161	131812161	1	1	0	0.000	GCCAGCGGTAT
chr12	131812309	131812309	1	1	1	1.000	split-group
chr12	131812316	131812316	1	1	1	1.000	split-group
chr12	131812323	131812323	1	1	1	1.000	split-group
chr12	131812340	131812340	1	1	1	1.000	split-group
chr12	131812348	131812348	1	1	1	1.000	split-group
chr12	131812380	131812380	1	1	1	1.000	CCCTGCGGAGG
chr12	131812430	131812430	1	1	0	0.000	GTCCCCGTCTT
chr12	131812458	131812458	1	1	1	1.000	CAGCCCGTCTT
chr13	58558144	58558144	1	1	0	0.000	CTGAGCGACAG
chr13	60666507	60666507	1	1	1	1.000	split-group
chr13	60666511	60666511	1	1	1	1.000	split-group
chr13	76968649	76968649	1	1	1	1.000	ATATACGTCAA
chr13	76968701	76968701	1	1	1	1.000	CAGAACGTATT
chr13	102602534	102602534	1	1	1	1.000	CTCAACGAGTC
chr13	102602665	102602665	1	1	1	1.000	TGATACGCTTA
chr13	103346135	103346135	1	1	1	1.000	TTTTACGTAAA
chr13	103346325	103346325	1	1	0	0.000	CCTAACGGGGA
chr14	32996339	32996339	1	1	1	1.000	CCAAACGGTCT
chr14	32996368	32996368	1	1	1	1.000	TTTTCCGGAAT
chr14	48631699	48631699	1	1	0	0.000	GTTAACGGCTC
chr14	48633308	48633308	1	1	0	0.000	AGGCACGATTT
chr14	48633407	48633407	1	1	1	1.000	split-group
chr14	48633414	48633414	1	1	1	1.000	split-group
chr14	48633561	48633561	1	1	1	1.000	TTGCCCGCTGT
chr14	53214601	53214601	1	1	1	1.000	split-group
chr14	53214603	53214603	1	1	1	1.000	split-group
chr14	53214614	53214614	1	1	1	1.000	split-group
chr14	53214616	53214616	1	1	1	1.000	split-group
chr14	53214690	53214690	1	1	1	1.000	GTTGACGGAGT
chr14	53214726	53214726	1	1	1	1.000	AAACACGCACA
chr14	63483251	63483251	1	1	0	0.000	CAAGACGTTCC
chr14	64464773	64464773	1	1	1	1.000	TCCTACGGAAA
chr14	64464909	64464909	1	1	1	1.000	TATTTCGTTTA
chr14	84966442	84966442	1	1	1	1.000	ATATACGTGAA
chr14	84966598	84966598	1	1	1	1.000	split-group
chr14	84966600	84966600	1	1	1	1.000	split-group
chr14	84966604	84966604	1	1	1	1.000	split-group
chr14	93331781	93331781	1	1	1	1.000	GAGAACGAGTT
chr14	93331879	93331879	1	1	1	1.000	TCCTTCGTTCC
chr14	93331950	93331950	1	1	1	1.000	TGGTACGATCA
chr14	93332304	93332304	1	1	1	1.000	ACTGTCGGTCT
chr14	93332572	93332572	1	1	1	1.000	AATATCGGTTA
chr14	93332925	93332925	1	1	1	1.000	ACTTCCGTCTC
chr14	93333355	93333355	1	1	1	1.000	CCTGACGATGA
chr14	93333654	93333654	1	1	1	1.000	split-group
chr14	93333662	93333662	1	1	1	1.000	split-group
chr14	93333724	93333724	1	1	0	0.000	TGCCTCGTTTT
chr14	93333736	93333736	1	1	0	0.000	CTCAGCGTACA
chr14	93333753	93333753	1	1	0	0.000	ACTGGCGTCTG
chr14	93334054	93334054	1	1	0	0.000	GAGGGCGAGCA
chr14	93334146	93334146	1	1	0	0.000	split-group
chr14	93334151	93334151	1	1	0	0.000	split-group
chr14	93334861	93334861	1	1	1	1.000	ATCTCCGCCTT
chr14	93334964	93334964	1	1	1	1.000	AGAGACGAGGT
chr14	93335009	93335009	1	1	1	1.000	split-group
chr14	93335015	93335015	1	1	1	1.000	split-group
chr14	97336127	97336127	1	1	1	1.000	GCCTGCGTGTT
chr14	97336231	97336231	1	1	1	1.000	TAATACGCTTG
chr14	97336750	97336750	1	1	1	1.000	GTTTTCGACCT
chr14	97336910	97336910	1	1	1	1.000	CTATACGTTTG
chr14	97337007	97337007	1	1	1	1.000	ATTTACGGTTT
chr14	97337320	97337320	1	1	1	1.000	TGTTGCGCATG
chr14	97338179	97338179	1	1	1	1.000	TGAGACGGAGT
chr14	97338330	97338330	1	1	1	1.000	split-group
chr14	97338338	97338338	1	1	1	1.000	split-group
chr14	97338420	97338420	1	1	1	1.000	GTAGGCGTGAG
chr14	97338432	97338432	1	1	1	1.000	split-group
chr14	97338435	97338435	1	1	1	1.000	split-group
chr14	97338775	97338775	1	1	1	1.000	ACATACGTAGT
chr14	97338923	97338923	1	1	1	1.000	GAGACCGCATA
chr14	97339424	97339424	1	1	1	1.000	split-group
chr14	97339430	97339430	1	1	1	1.000	split-group
chr14	97339611	97339611	1	1	1	1.000	CCAATCGGTGT
chr14	97339876	97339876	1	1	1	1.000	TTAAACGCAAA
chr14	97340254	97340254	1	1	1	1.000	CTTTACGTAAT
chr14	97340619	97340619	1	1	1	1.000	GCTGGCGTTAA
chr14	97340639	97340639	1	1	1	1.000	TGCACCGGCAG
chr14	97340794	97340794	1	1	1	1.000	TTAGACGGTAA
chr14	97341356	97341356	1	1	1	1.000	CATGTCGGATG
chr14	97341555	97341555	1	1	1	1.000	CTTAACGCAGG
chr14	97341720	97341720	1	1	1	1.000	CCAGACGATTT
chr14	97341736	97341736	1	1	1	1.000	ATTTTCGGAGA
chr14	97342008	97342008	1	1	1	1.000	GTGATCGTGAG
chr14	97342369	97342369	1	1	1	1.000	AGAAGCGAAAG
chr14	97342415	97342415	1	1	1	1.000	AGATACGGAAT
chr14	97342456	97342456	1	1	1	1.000	AGACCCGTAAG
chr14	97343770	97343770	1	1	1	1.000	TTTCCCGCTGC
chr14	97343787	97343787	1	1	1	1.000	CCTTTCGCTAC
chr14	97344068	97344068	1	1	1	1.000	AGCTGCGCATC
chr14	97344717	97344717	1	1	0	0.000	ATAAACGTGTT
chr14	97344828	97344828	1	1	1	1.000	TTTTTCGCACT
chr14	97345654	97345654	1	1	1	1.000	AGGTGCGTAGG
chr14	97345932	97345932	1	1	1	1.000	ACTATCGCAGC
chr14	97345986	97345986	1	1	1	1.000	split-group
chr14	97345990	97345990	1	1	1	1.000	split-group
chr14	97346035	97346035	1	1	1	1.000	TGAGGCGGGTG
chr14	97346062	97346062	1	1	1	1.000	GAGTTCGACAC
chr14	97346125	97346125	1	1	1	1.000	CTGGGCGTGGT
chr14	97346196	97346196	1	1	1	1.000	GGAGGCGGAGG
chr14	97346218	97346218	1	1	1	1.000	AAGATCGTGTC
chr14	97346249	97346249	1	1	0	0.000	CAAAGCGAGAC
chr14	97346618	97346618	1	1	1	1.000	TGTTTCGTACT
chr14	97346659	97346659	1	1	1	1.000	TTTTTCGTGCA
chr14	97346731	97346731	1	1	1	1.000	split-group
chr14	97346740	97346740	1	1	1	1.000	split-group
chr14	97347005	97347005	1	1	1	1.000	CCTAGCGGAAA
chr14	97610437	97610437	1	1	1	1.000	CAGAGCGGAGG
chr14	97610491	97610491	1	1	1	1.000	GGTGACGATGG
chr14	97610897	97610897	1	1	1	1.000	GGTTACGTGGG
chr14	97611533	97611533	1	1	0	0.000	TGATACGAAGT
chr15	20600663	20600663	1	1	0	0.000	TGTCTCGAGTG
chr15	20600718	20600718	1	1	0	0.000	CAATACGTTTG
chr15	20600743	20600743	1	1	0	0.000	GTGGTCGTTTC
chr15	20600873	20600873	1	1	1	1.000	split-group
chr15	20600881	20600881	1	1	1	1.000	split-group
chr15	20601671	20601671	1	1	0	0.000	TGCTACGTGAA
chr15	20602424	20602424	1	1	0	0.000	AATTGCGATTT
chr15	29888632	29888632	1	1	0	0.000	split-group
chr15	29888638	29888638	1	1	0	0.000	split-group
chr15	29888825	29888825	1	1	1	1.000	TTTGTCGCATT
chr15	29889016	29889016	1	1	1	1.000	split-group
chr15	29889020	29889020	1	1	1	1.000	split-group
chr15	29889069	29889069	1	1	0	0.000	GCTTTCGCCAT
chr15	29889162	29889162	1	1	1	1.000	split-group
chr15	29889168	29889168	1	1	1	1.000	split-group
chr15	29889382	29889382	1	1	0	0.000	TCTGTCGCTTG
chr15	29889497	29889497	1	1	1	1.000	split-group
chr15	29889499	29889499	1	1	1	1.000	split-group
chr15	29889643	29889643	1	1	1	1.000	GTGAACGCCTG
chr15	29889685	29889685	1	1	1	1.000	split-group
chr15	29889695	29889695	1	1	1	1.000	split-group
chr15	29889702	29889702	1	1	1	1.000	split-group
chr15	29889719	29889719	1	1	1	1.000	split-group
chr15	29889727	29889727	1	1	1	1.000	split-group
chr15	29889758	29889758	1	1	1	1.000	AAGAGCGAAAC
chr15	58916596	58916596	1	1	1	1.000	TGACACGTAAT
chr15	58916620	58916620	1	1	1	1.000	AATAACGAAGT
chr15	69058244	69058244	1	1	1	1.000	AGATACGTTAA
chr15	69058419	69058419	1	1	0	0.000	split-group
chr15	69058425	69058425	1	1	0	0.000	split-group
chr15	69058609	69058609	1	1	1	1.000	split-group
chr15	69058617	69058617	1	1	1	1.000	split-group
chr15	69058637	69058637	1	1	1	1.000	ACAGGCGTGAG
chr15	69058649	69058649	1	1	1	1.000	CACTGCGCCTG
chr15	69058797	69058797	1	1	1	1.000	AACATCGTTTT
chr15	69058828	69058828	1	1	1	1.000	TATTTCGCCAT
chr15	69059134	69059134	1	1	1	1.000	GACCCCGTATG
chr15	69059238	69059238	1	1	1	1.000	CCCTGCGGAAG
chr15	69059385	69059385	1	1	1	1.000	CACCACGACTG
chr15	70751972	70751972	1	1	1	1.000	GATGGCGCCTT
chr15	70752022	70752022	1	1	1	1.000	CAAAACGTGGC
chr15	70752228	70752228	1	1	1	1.000	ACATACGCTCC
chr15	70752300	70752300	1	1	0	0.000	CCAGCCGGGTG
chr15	70752361	70752361	1	1	1	1.000	AGTTCCGATCA
chr15	70752452	70752452	1	1	1	1.000	ACACACGTGGT
chr15	70752500	70752500	1	1	1	1.000	split-group
chr15	70752504	70752504	1	1	1	1.000	split-group
chr15	70752512	70752512	1	1	1	1.000	split-group
chr15	70752527	70752527	1	1	1	1.000	GACCACGTGCA
chr15	70752538	70752538	1	1	1	1.000	GTCTCCGATCT
chr15	70752553	70752553	1	1	1	1.000	split-group
chr15	70752556	70752556	1	1	1	1.000	split-group
chr15	70752653	70752653	1	1	0	0.000	TCACACGAGAG
chr15	70752674	70752674	1	1	0	0.000	split-group
chr15	70752683	70752683	1	1	0	0.000	split-group
chr15	70752692	70752692	1	1	0	0.000	split-group
chr15	70752809	70752809	1	1	0	0.000	split-group
chr15	70752814	70752814	1	1	0	0.000	split-group
chr15	70752824	70752824	1	1	0	0.000	split-group
chr15	70752852	70752852	1	1	0	0.000	split-group
chr15	70752857	70752857	1	1	0	0.000	split-group
chr15	70752861	70752861	1	1	0	0.000	split-group
chr15	70752868	70752868	1	1	0	0.000	split-group
chr15	70753159	70753159	1	1	1	1.000	TAGATCGTCAA
chr15	70753248	70753248	1	1	1	1.000	AGGATCGAGGA
chr15	75955927	75955927	1	1	1	1.000	GCCTCCGTGGG
chr15	75955993	75955993	1	1	1	1.000	GGGTCCGCTGG
chr15	75956153	75956153	1	1	1	1.000	TCAAGCGATGG
chr15	75956165	75956165	1	1	1	1.000	TACCACGATTA
chr15	75956181	75956181	1	1	1	1.000	split-group
chr15	75956189	75956189	1	1	1	1.000	split-group
chr15	75956218	75956218	1	1	1	1.000	CAGGCCGGCTG
chr15	80398774	80398774	1	1	1	1.000	AAAGGCGAAAT
chr15	80399204	80399204	1	1	1	1.000	GGTGACGTATC
chr15	80399382	80399382	1	1	1	1.000	AACCCCGTCTC
chr15	80399512	80399512	1	1	1	1.000	split-group
chr15	80399520	80399520	1	1	1	1.000	split-group
chr15	80399762	80399762	1	1	1	1.000	GGTGCCGCTGT
chr15	80399851	80399851	1	1	1	1.000	TAAGACGAATA
chr15	80399936	80399936	1	1	1	1.000	TGAAGCGGGTG
chr15	80400091	80400091	1	1	1	1.000	GGAGGCGGAGG
chr15	82136576	82136576	1	1	0	0.000	ATTTTCGTTCT
chr15	82136596	82136596	1	1	0	0.000	GTAGCCGAGGA
chr15	82136904	82136904	1	1	1	1.000	ACAAGCGAAGG
chr15	82136925	82136925	1	1	1	1.000	CATGTCGATAA
chr16	4109359	4109359	1	1	1	1.000	split-group
chr16	4109367	4109367	1	1	1	1.000	split-group
chr16	4109613	4109613	1	1	1	1.000	AACTACGCAGC
chr16	25490765	25490765	1	1	1	1.000	split-group
chr16	25490768	25490768	1	1	1	1.000	split-group
chr16	25490935	25490935	1	1	1	1.000	ACCACCGGTAA
chr16	25491057	25491057	1	1	1	1.000	CCAGGCGTGGT
chr16	25491081	25491081	1	1	1	1.000	GGTCCCGGCTA
chr16	25491163	25491163	1	1	0	0.000	CTGCACGCCAT
chr16	25491488	25491488	1	1	0	0.000	TGAAACGCTAC
chr16	25491519	25491519	1	1	0	0.000	AATAACGTCTT
chr16	25491867	25491867	1	1	1	1.000	CAAGCCGTAAG
chr16	25492227	25492227	1	1	1	1.000	split-group
chr16	25492235	25492235	1	1	1	1.000	split-group
chr16	25492273	25492273	1	1	1	1.000	TATCTCGGCTC
chr16	25492290	25492290	1	1	1	1.000	ACCTCCGCCTC
chr16	25492349	25492349	1	1	1	1.000	ACAGGCGCCTG
chr16	25492513	25492513	1	1	0	0.000	TTTCCCGCTCT
chr16	25492549	25492549	1	1	0	0.000	TATTCCGAGTC
chr16	25492683	25492683	1	1	0	0.000	CTGTGCGTGTG
chr16	61654724	61654724	1	1	0	0.000	AACTTCGTTTG
chr16	61654964	61654964	1	1	0	0.000	AACATCGATGT
chr16	61655245	61655245	1	1	0	0.000	TGTATCGTTTA
chr16	77467404	77467404	1	1	0	0.000	split-group
chr16	77467408	77467408	1	1	0	0.000	split-group
chr17	2847217	2847217	1	1	1	1.000	GAGGGCGGACC
chr17	2847356	2847356	1	1	1	1.000	AGAATCGCTTG
chr17	2847390	2847390	1	1	1	1.000	split-group
chr17	2847398	2847398	1	1	1	1.000	split-group
chr17	2847644	2847644	1	1	1	1.000	TTGCACGTGGA
chr17	2847668	2847668	1	1	1	1.000	TGCAGCGCCAT
chr17	2847985	2847985	1	1	1	1.000	split-group
chr17	2847987	2847987	1	1	1	1.000	split-group
chr17	2848064	2848064	1	1	1	1.000	AATGTCGTTCC
chr17	2848244	2848244	1	1	1	1.000	TATCTCGGCTC
chr17	2848268	2848268	1	1	1	1.000	split-group
chr17	2848276	2848276	1	1	1	1.000	split-group
chr17	2848311	2848311	1	1	1	1.000	split-group
chr17	2848315	2848315	1	1	1	1.000	split-group
chr17	2848323	2848323	1	1	1	1.000	split-group
chr17	2848327	2848327	1	1	1	1.000	split-group
chr17	2848358	2848358	1	1	1	1.000	AGAGACGAGGT
chr17	2848403	2848403	1	1	1	1.000	GACTTCGTGAT
chr17	2848414	2848414	1	1	1	1.000	split-group
chr17	2848419	2848419	1	1	1	1.000	split-group
chr17	16455797	16455797	1	1	1	1.000	GATGTCGAATA
chr17	16456064	16456064	1	1	1	1.000	GTGCACGCTGA
chr17	16456619	16456619	1	1	1	1.000	TTCCTCGCCTC
chr17	16456638	16456638	1	1	1	1.000	ATCATCGTAGT
chr17	16457729	16457729	1	1	1	1.000	TGATCCGCCTG
chr17	16457773	16457773	1	1	1	1.000	TGAGCCGCCAC
chr17	16457859	16457859	1	1	1	1.000	TTTTACGATGC
chr17	16458057	16458057	1	1	1	1.000	CAAAACGCTGT
chr17	16458783	16458783	1	1	1	1.000	CATTTCGTTTA
chr17	16458819	16458819	1	1	1	1.000	GGTGGCGACTC
chr17	16459041	16459041	1	1	1	1.000	split-group
chr17	16459048	16459048	1	1	1	1.000	split-group
chr17	35811642	35811642	1	1	1	1.000	GGTCTCGAACT
chr17	35811793	35811793	1	1	1	1.000	AAAATCGCAGA
chr17	35811810	35811810	1	1	1	1.000	CCTGGCGCAGT
chr17	35811850	35811850	1	1	1	1.000	split-group
chr17	35811855	35811855	1	1	1	1.000	split-group
chr17	35811902	35811902	1	1	1	1.000	CAACACGGTGA
chr17	35915384	35915384	1	1	0	0.000	split-group
chr17	35915388	35915388	1	1	0	0.000	split-group
chr17	35915416	35915416	1	1	1	1.000	AGAGACGGGGT
chr17	35915461	35915461	1	1	1	1.000	GACCTCGGCTG
chr17	35915479	35915479	1	1	1	1.000	TGCCTCGGCCT
chr17	35915507	35915507	1	1	1	1.000	ACAGGCGTGAG
chr17	35915899	35915899	1	1	1	1.000	CTACTCGGGAG
chr17	35915938	35915938	1	1	1	1.000	GGAGGCGGAGC
chr17	35915966	35915966	1	1	1	1.000	CCCACCGCTGC
chr17	35916278	35916278	1	1	1	1.000	split-group
chr17	35916288	35916288	1	1	1	1.000	split-group
chr17	35916321	35916321	1	1	1	1.000	CAAGGCGGGTG
chr18	8833709	8833709	1	1	1	1.000	TCTGACGTACT
chr18	8833800	8833800	1	1	1	1.000	TATCTCGTTTA
chr18	10102865	10102865	1	1	1	1.000	TGGATCGCTTG
chr18	10102906	10102906	1	1	1	1.000	CATGGCGAGAA
chr18	34554170	34554170	1	1	0	0.000	AGTTTCGTTAC
chr18	34555205	34555205	1	1	1	1.000	split-group
chr18	34555213	34555213	1	1	1	1.000	split-group
chr18	34555237	34555237	1	1	0	0.000	split-group
chr18	34555245	34555245	1	1	0	0.000	split-group
chr18	34555365	34555365	1	1	1	1.000	GGTCTCGATCT
chr18	35502895	35502895	1	1	0	0.000	ATAATCGTGTA
chr18	35503021	35503021	1	1	0	0.000	AAAATCGTATT
chr18	35504013	35504013	1	1	1	1.000	ATCATCGTGAG
chr18	57824299	57824299	1	1	1	1.000	ACATACGTAAT
chr18	57824625	57824625	1	1	1	1.000	AGTTACGGTTA
chr18	59695915	59695915	1	1	0	0.000	CAAGTCGCAGG
chr18	59696454	59696454	1	1	1	1.000	CTTTTCGTTTT
chr18	59696818	59696818	1	1	0	0.000	AGTACCGGTGA
chr18	59696889	59696889	1	1	1	1.000	AGCAACGACAT
chr18	59696906	59696906	1	1	1	1.000	GGAGGCGGAGG
chr18	59697006	59697006	1	1	1	1.000	TTCCTCGGCAG
chr18	59697102	59697102	1	1	1	1.000	GTTCCCGTATT
chr18	59697169	59697169	1	1	1	1.000	CCTCTCGCCAC
chr18	59697263	59697263	1	1	1	1.000	TTCTCCGGTCT
chr18	59697373	59697373	1	1	1	1.000	AATGTCGGTTA
chr18	59697507	59697507	1	1	1	1.000	ACTTACGCCAA
chr18	59698067	59698067	1	1	1	1.000	CTTGCCGGGTA
chr18	59698136	59698136	1	1	1	1.000	CTACTCGAGGC
chr18	72253160	72253160	1	1	1	1.000	GGAGGCGGAAG
chr18	72253269	72253269	1	1	1	1.000	ATTTGCGTTCA
chr18	72253327	72253327	1	1	0	0.000	AAAAACGTGCT
chr18	72253522	72253522	1	1	1	1.000	GTCATCGTTAA
chr18	72253599	72253599	1	1	1	1.000	AGTTTCGTGGT
chr18	72253833	72253833	1	1	1	1.000	TATTACGTTGC
chr18	72254298	72254298	1	1	1	1.000	split-group
chr18	72254303	72254303	1	1	1	1.000	split-group
chr18	72254313	72254313	1	1	1	1.000	split-group
chr18	72254451	72254451	1	1	1	1.000	AACTTCGGTGA
chr18	72254474	72254474	1	1	1	1.000	CAGTGCGAGAG
chr18	72254533	72254533	1	1	0	0.000	GTGAGCGAGGG
chr18	72254545	72254545	1	1	0	0.000	TCCCCCGAGGG
chr18	72254559	72254559	1	1	0	0.000	GCTCCCGGACA
chr18	72254597	72254597	1	1	0	0.000	AACTCCGTGGC
chr19	4269498	4269498	1	1	1	1.000	GTTGTCGCCTG
chr19	4269586	4269586	1	1	1	1.000	split-group
chr19	4269589	4269589	1	1	1	1.000	split-group
chr19	4269594	4269594	1	1	1	1.000	split-group
chr19	4269619	4269619	1	1	1	1.000	split-group
chr19	4269625	4269625	1	1	1	1.000	split-group
chr19	4269627	4269627	1	1	1	1.000	split-group
chr19	4269650	4269650	1	1	1	1.000	split-group
chr19	4269657	4269657	1	1	1	1.000	split-group
chr19	4269667	4269667	1	1	1	1.000	split-group
chr19	4269709	4269709	1	1	1	1.000	split-group
chr19	4269713	4269713	1	1	1	1.000	split-group
chr19	4269721	4269721	1	1	1	1.000	split-group
chr19	4270029	4270029	1	1	1	1.000	CACCACGCCCA
chr19	4270061	4270061	1	1	1	1.000	AGAGACGGGTC
chr19	4270151	4270151	1	1	1	1.000	ACAGGCGTGAG
chr19	4270276	4270276	1	1	0	0.000	ACCCACGAGGA
chr19	4270289	4270289	1	1	1	1.000	TTTGTCGTGAC
chr19	4270324	4270324	1	1	1	1.000	GGGAACGAACC
chr19	4270384	4270384	1	1	1	1.000	CCAGCCGGGTG
chr19	4270669	4270669	1	1	0	0.000	CAGACCGTTTC
chr19	4270708	4270708	1	1	1	1.000	split-group
chr19	4270718	4270718	1	1	1	1.000	split-group
chr19	4270748	4270748	1	1	1	1.000	split-group
chr19	4270751	4270751	1	1	1	1.000	split-group
chr19	4271113	4271113	1	1	1	1.000	split-group
chr19	4271116	4271116	1	1	1	1.000	split-group
chr19	4271322	4271322	1	1	1	1.000	split-group
chr19	4271329	4271329	1	1	1	1.000	split-group
chr19	4271339	4271339	1	1	1	1.000	split-group
chr19	4271383	4271383	1	1	1	1.000	split-group
chr19	4271385	4271385	1	1	1	1.000	split-group
chr19	4271456	4271456	1	1	1	1.000	GGTCTCGAACT
chr19	4271479	4271479	1	1	1	1.000	split-group
chr19	4271483	4271483	1	1	1	1.000	split-group
chr19	4271515	4271515	1	1	1	1.000	split-group
chr19	4271525	4271525	1	1	1	1.000	split-group
chr19	4271531	4271531	1	1	1	1.000	split-group
chr19	4271592	4271592	1	1	1	1.000	TATACCGAAGG
chr19	4271657	4271657	1	1	1	1.000	GGGAACGTGTT
chr19	4271820	4271820	1	1	1	1.000	CTGGGCGCAGT
chr19	4271860	4271860	1	1	1	1.000	split-group
chr19	4271865	4271865	1	1	1	1.000	split-group
chr19	4271869	4271869	1	1	1	1.000	split-group
chr19	4272082	4272082	1	1	1	1.000	split-group
chr19	4272091	4272091	1	1	1	1.000	split-group
chr19	4272344	4272344	1	1	1	1.000	split-group
chr19	4272349	4272349	1	1	1	1.000	split-group
chr19	4272353	4272353	1	1	1	1.000	split-group
chr19	4272358	4272358	1	1	1	1.000	split-group
chr19	4272484	4272484	1	1	1	1.000	TTAGCCGGGCA
chr19	4272551	4272551	1	1	1	1.000	GAACCCGGGAG
chr19	4272675	4272675	1	1	1	1.000	split-group
chr19	4272685	4272685	1	1	1	1.000	split-group
chr19	4273047	4273047	1	1	1	1.000	split-group
chr19	4273057	4273057	1	1	1	1.000	split-group
chr19	14127188	14127188	1	1	1	1.000	CACCACGCCCA
chr19	14127252	14127252	1	1	1	1.000	GGTCTCGATCT
chr19	14127266	14127266	1	1	1	1.000	GACCTCGTGAT
chr19	14127277	14127277	1	1	1	1.000	split-group
chr19	14127282	14127282	1	1	1	1.000	split-group
chr19	14127310	14127310	1	1	1	1.000	ACAGGCGTGAG
chr19	14127371	14127371	1	1	1	1.000	split-group
chr19	14127379	14127379	1	1	1	1.000	split-group
chr19	14127484	14127484	1	1	1	1.000	AGTCACGTGGG
chr19	14127591	14127591	1	1	0	0.000	GAGGCCGAGGT
chr19	14127623	14127623	1	1	1	1.000	AAGTTCGAGAC
chr19	14127654	14127654	1	1	1	1.000	GACCTCGTTTC
chr19	14127733	14127733	1	1	1	1.000	GCAGCCGCCAA
chr19	14128055	14128055	1	1	1	1.000	split-group
chr19	14128062	14128062	1	1	1	1.000	split-group
chr19	14128152	14128152	1	1	1	1.000	split-group
chr19	14128158	14128158	1	1	1	1.000	split-group
chr19	14128332	14128332	1	1	1	1.000	split-group
chr19	14128337	14128337	1	1	1	1.000	split-group
chr19	14128362	14128362	1	1	1	1.000	GAGATCGAGAC
chr19	14128393	14128393	1	1	1	1.000	AACCCCGTCTC
chr19	14128427	14128427	1	1	1	1.000	AGGTGCGGTGG
chr19	14128457	14128457	1	1	0	0.000	CTACTCGGGAG
chr19	14128496	14128496	1	1	1	1.000	GGAGGCGGAGG
chr19	14128519	14128519	1	1	1	1.000	GAGGTCGCACC
chr19	14128542	14128542	1	1	1	1.000	split-group
chr19	14128550	14128550	1	1	1	1.000	split-group
chr19	14128605	14128605	1	1	1	1.000	AGTGGCGGGTG
chr19	17045433	17045433	1	1	1	1.000	TAGTGCGTGAA
chr19	17045777	17045777	1	1	1	1.000	GCACTCGCTCC
chr2	52379611	52379611	1	1	0	0.000	ATGGTCGAAGG
chr2	57857983	57857983	1	1	0	0.000	AATTACGGCAG
chr2	57858076	57858076	1	1	0	0.000	GTGAACGCCTT
chr2	57858179	57858179	1	1	0	0.000	GAGAGCGGGTT
chr2	57858245	57858245	1	1	1	1.000	split-group
chr2	57858253	57858253	1	1	1	1.000	split-group
chr2	74400092	74400092	1	1	1	1.000	CCACACGTCTA
chr2	74400130	74400130	1	1	1	1.000	GATGGCGCACA
chr2	78139472	78139472	1	1	0	0.000	split-group
chr2	78139482	78139482	1	1	0	0.000	split-group
chr2	78140175	78140175	1	1	0	0.000	AGGCACGGACC
chr2	78140477	78140477	1	1	1	1.000	TCTGCCGTGTG
chr2	78140520	78140520	1	1	1	1.000	CACAACGCAGA
chr2	78140814	78140814	1	1	1	1.000	AGTTTCGCAAG
chr2	78141210	78141210	1	1	1	1.000	TAAACCGATCT
chr2	78141392	78141392	1	1	1	1.000	TCCATCGGCAA
chr2	103035967	103035967	1	1	0	0.000	TCCCCCGTTTC
chr2	103036099	103036099	1	1	0	0.000	AAAAACGCATC
chr2	103036124	103036124	1	1	0	0.000	AGAAGCGATTC
chr2	103036474	103036474	1	1	1	1.000	split-group
chr2	103036479	103036479	1	1	1	1.000	split-group
chr2	103036498	103036498	1	1	1	1.000	AGTGACGGCAG
chr2	103036851	103036851	1	1	0	0.000	GGTTTCGGGTG
chr2	103036997	103036997	1	1	1	1.000	GTTGGCGGACA
chr2	103037031	103037031	1	1	1	1.000	GGCATCGTGGT
chr2	103037077	103037077	1	1	1	1.000	AATTGCGGGAT
chr2	105845459	105845459	1	1	1	1.000	split-group
chr2	105845462	105845462	1	1	1	1.000	split-group
chr2	105845835	105845835	1	1	1	1.000	GTCAGCGGATT
chr2	105846190	105846190	1	1	1	1.000	AAATGCGTATT
chr2	105846772	105846772	1	1	1	1.000	CAACACGAAGA
chr2	105847004	105847004	1	1	1	1.000	AGGCACGTAGA
chr2	105847016	105847016	1	1	1	1.000	CTCAGCGCAGG
chr2	108168096	108168096	1	1	0	0.000	AAACTCGTCTG
chr2	108168122	108168122	1	1	1	1.000	GGAGGCGATGG
chr2	108168164	108168164	1	1	1	1.000	split-group
chr2	108168173	108168173	1	1	1	1.000	split-group
chr2	108168253	108168253	1	1	1	1.000	CTCTGCGAAGA
chr2	116525883	116525883	1	1	1	1.000	GAGCCCGTGTT
chr2	116526029	116526029	1	1	1	1.000	GTCCCCGAAGG
chr2	117340273	117340273	1	1	1	1.000	ACTTACGGATA
chr2	117340324	117340324	1	1	1	1.000	TTGTGCGCTCA
chr2	117340363	117340363	1	1	1	1.000	AAAAACGCAGA
chr2	117340715	117340715	1	1	1	1.000	TTGCACGACAA
chr2	117340947	117340947	1	1	1	1.000	ACAGACGAACT
chr2	117341363	117341363	1	1	1	1.000	AAGTCCGAAGC
chr2	117341383	117341383	1	1	1	1.000	TTCTACGAAAG
chr2	117341479	117341479	1	1	1	1.000	ATCATCGAAAT
chr2	117342102	117342102	1	1	0	0.000	TCTTTCGTAAA
chr2	117342562	117342562	1	1	1	1.000	TATATCGAATA
chr2	117342609	117342609	1	1	1	1.000	split-group
chr2	117342619	117342619	1	1	1	1.000	split-group
chr2	159742740	159742740	1	1	1	1.000	TGGAGCGGATG
chr2	159742809	159742809	1	1	1	1.000	AGGGGCGTCAA
chr2	159742861	159742861	1	1	0	0.000	split-group
chr2	159742867	159742867	1	1	0	0.000	split-group
chr2	159743040	159743040	1	1	1	1.000	TATCACGGGGG
chr2	159743182	159743182	1	1	1	1.000	AAAACCGTATC
chr2	159743211	159743211	1	1	1	1.000	CACTTCGATAT
chr2	159743252	159743252	1	1	1	1.000	ATATTCGGTGC
chr2	159743384	159743384	1	1	1	1.000	split-group
chr2	159743394	159743394	1	1	1	1.000	split-group
chr2	172873376	172873376	1	1	1	1.000	TCCCCCGCTTA
chr2	172873449	172873449	1	1	1	1.000	CTGCACGGTGC
chr2	178190199	178190199	1	1	1	1.000	TGGAACGGACA
chr2	178190538	178190538	1	1	0	0.000	TCTTTCGCCAG
chr2	184324250	184324250	1	1	1	1.000	AGTAGCGAAAC
chr2	184324402	184324402	1	1	0	0.000	ATAATCGTCCT
chr2	184324556	184324556	1	1	1	1.000	CAATACGGTTT
chr2	184324646	184324646	1	1	1	1.000	CTGAGCGTAGG
chr2	212652283	212652283	1	1	0	0.000	GACCACGAAGG
chr2	212652802	212652802	1	1	1	1.000	GGTTCCGAACA
chr2	214589425	214589425	1	1	1	1.000	GAACTCGGCAA
chr2	214589793	214589793	1	1	0	0.000	TCTGTCGCCCA
chr20	1175093	1175093	1	1	1	1.000	GCCACCGTGAT
chr20	1175513	1175513	1	1	1	1.000	AGGCACGTATG
chr20	1175535	1175535	1	1	1	1.000	GTTTTCGTCCC
chr20	1175588	1175588	1	1	1	1.000	AAGAACGTGGC
chr20	1175608	1175608	1	1	1	1.000	TGGCTCGTTCC
chr20	1175827	1175827	1	1	0	0.000	GTGATCGCACC
chr20	5245644	5245644	1	1	1	1.000	TGTCCCGCAGC
chr20	5245705	5245705	1	1	1	1.000	CCTCTCGTTTC
chr20	5245747	5245747	1	1	1	1.000	CCATCCGGTGT
chr20	5245786	5245786	1	1	1	1.000	ATTACCGCTTC
chr20	5246106	5246106	1	1	1	1.000	TTCTTCGTTCC
chr20	5246283	5246283	1	1	1	1.000	TAAGCCGCTTG
chr20	5246334	5246334	1	1	1	1.000	CAAACCGAGAC
chr20	5246684	5246684	1	1	0	0.000	ACTCTCGACCT
chr20	11248067	11248067	1	1	0	0.000	CTTGCCGTGTC
chr20	11248081	11248081	1	1	0	0.000	split-group
chr20	11248089	11248089	1	1	0	0.000	split-group
chr20	33793029	33793029	1	1	1	1.000	GAGATCGCACC
chr20	33793275	33793275	1	1	1	1.000	split-group
chr20	33793279	33793279	1	1	1	1.000	split-group
chr20	40337350	40337350	1	1	1	1.000	GAAAACGTTGG
chr20	40337432	40337432	1	1	0	0.000	GTCTTCGTTTT
chr20	40337904	40337904	1	1	1	1.000	split-group
chr20	40337914	40337914	1	1	1	1.000	split-group
chr20	47808308	47808308	1	1	1	1.000	split-group
chr20	47808312	47808312	1	1	1	1.000	split-group
chr20	47808610	47808610	1	1	1	1.000	split-group
chr20	47808620	47808620	1	1	1	1.000	split-group
chr20	47808648	47808648	1	1	1	1.000	GAGGCCGAGGA
chr20	47808798	47808798	1	1	1	1.000	AATGGCGTGAA
chr20	50543502	50543502	1	1	1	1.000	ACAGCCGGAAA
chr20	50543561	50543561	1	1	1	1.000	GCCAACGCCTT
chr20	50543868	50543868	1	1	1	1.000	split-group
chr20	50543877	50543877	1	1	1	1.000	split-group
chr20	50544092	50544092	1	1	1	1.000	GATTGCGCCAC
chr20	50544146	50544146	1	1	1	1.000	ACAAACGAACA
chr20	50544880	50544880	1	1	1	1.000	split-group
chr20	50544888	50544888	1	1	1	1.000	split-group
chr20	50544901	50544901	1	1	1	1.000	GAGTTCGAGAC
chr20	62461655	62461655	1	1	0	0.000	split-group
chr20	62461660	62461660	1	1	0	0.000	split-group
chr20	62461662	62461662	1	1	0	0.000	split-group
chr20	62461670	62461670	1	1	0	0.000	split-group
chr20	62461672	62461672	1	1	0	0.000	split-group
chr20	62461707	62461707	1	1	0	0.000	split-group
chr20	62461709	62461709	1	1	0	0.000	split-group
chr20	62461714	62461714	1	1	0	0.000	split-group
chr20	62461719	62461719	1	1	0	0.000	split-group
chr20	62461726	62461726	1	1	0	0.000	split-group
chr20	62461735	62461735	1	1	0	0.000	split-group
chr20	62461737	62461737	1	1	0	0.000	split-group
chr20	62461739	62461739	1	1	0	0.000	split-group
chr20	62461744	62461744	1	1	0	0.000	split-group
chr20	62461748	62461748	1	1	0	0.000	split-group
chr20	62461753	62461753	1	1	0	0.000	split-group
chr20	62461755	62461755	1	1	0	0.000	split-group
chr20	62461757	62461757	1	1	0	0.000	split-group
chr20	62461762	62461762	1	1	0	0.000	split-group
chr20	62461771	62461771	1	1	0	0.000	split-group
chr20	62461773	62461773	1	1	0	0.000	split-group
chr20	62461778	62461778	1	1	0	0.000	split-group
chr20	62461783	62461783	1	1	0	0.000	split-group
chr20	62461788	62461788	1	1	0	0.000	split-group
chr20	62461793	62461793	1	1	0	0.000	split-group
chr20	62461804	62461804	1	1	0	0.000	split-group
chr20	62461809	62461809	1	1	0	0.000	split-group
chr20	62461814	62461814	1	1	0	0.000	split-group
chr20	62461818	62461818	1	1	0	0.000	split-group
chr20	62461821	62461821	1	1	0	0.000	split-group
chr20	62461842	62461842	1	1	0	0.000	split-group
chr20	62461845	62461845	1	1	0	0.000	split-group
chr20	62461849	62461849	1	1	0	0.000	split-group
chr20	62461852	62461852	1	1	0	0.000	split-group
chr20	62461856	62461856	1	1	0	0.000	split-group
chr20	62461875	62461875	1	1	0	0.000	CCCCCCGGCCT
chr20	62461886	62461886	1	1	0	0.000	split-group
chr20	62461889	62461889	1	1	0	0.000	split-group
chr20	62461896	62461896	1	1	0	0.000	split-group
chr20	62461900	62461900	1	1	0	0.000	split-group
chr20	62461902	62461902	1	1	0	0.000	split-group
chr20	62461913	62461913	1	1	0	0.000	split-group
chr20	62461921	62461921	1	1	0	0.000	split-group
chr21	16198191	16198191	1	1	1	1.000	CACCACGGCTA
chr22	37167572	37167572	1	1	1	1.000	split-group
chr22	37167574	37167574	1	1	1	1.000	split-group
chr22	37167601	37167601	1	1	0	0.000	split-group
chr22	37167611	37167611	1	1	0	0.000	split-group
chr22	37167637	37167637	1	1	1	1.000	GGGTCCGGATC
chr3	5949938	5949938	1	1	1	1.000	GAATACGCAGT
chr3	5949971	5949971	1	1	1	1.000	TAATTCGCTTA
chr3	5950198	5950198	1	1	0	0.000	GTTTCCGTTTG
chr3	7027326	7027326	1	1	1	1.000	GTAGACGCTGG
chr3	7027564	7027564	1	1	1	1.000	CTTCCCGAGGA
chr3	7027589	7027589	1	1	1	1.000	AAATTCGCTTA
chr3	24394081	24394081	1	1	0	0.000	CAAACCGGGGT
chr3	24394137	24394137	1	1	1	1.000	ACAAACGCACA
chr3	24394916	24394916	1	1	0	0.000	AAGGTCGCACA
chr3	24395170	24395170	1	1	1	1.000	TTAGGCGATTC
chr3	48125907	48125907	1	1	0	0.000	AATCACGAAAG
chr3	55826983	55826983	1	1	0	0.000	GACAACGGGTG
chr3	55827152	55827152	1	1	1	1.000	TGCAGCGCAAT
chr3	55827237	55827237	1	1	0	0.000	TAATTCGTTCA
chr3	132303918	132303918	1	1	1	1.000	CATCACGCTAC
chr3	132304031	132304031	1	1	0	0.000	AATGCCGCATA
chr3	132304884	132304884	1	1	1	1.000	GCACACGTATG
chr3	132305077	132305077	1	1	1	1.000	ACTATCGCAAG
chr3	142207139	142207139	1	1	1	1.000	AGCAACGACTC
chr3	142207276	142207276	1	1	1	1.000	TCACACGATAC
chr3	142208289	142208289	1	1	1	1.000	ATGGGCGCCCA
chr3	142208302	142208302	1	1	1	1.000	CTTGCCGTCAC
chr3	159794298	159794298	1	1	1	1.000	GGGAACGCCAC
chr3	159794587	159794587	1	1	1	1.000	AGAGGCGCTAA
chr3	159795400	159795400	1	1	1	1.000	split-group
chr3	159795404	159795404	1	1	1	1.000	split-group
chr3	159795618	159795618	1	1	1	1.000	TCAATCGTTGT
chr3	159795848	159795848	1	1	1	1.000	CCACTCGACCT
chr3	185012408	185012408	1	1	1	1.000	TAAATCGAGGC
chr3	185012726	185012726	1	1	1	1.000	ATCTTCGCCTA
chr3	185013015	185013015	1	1	1	1.000	TGAGACGGAGT
chr3	185013031	185013031	1	1	1	1.000	TCTGTCGCCCA
chr3	185013078	185013078	1	1	1	1.000	ACCTCCGCCTC
chr3	185013136	185013136	1	1	1	1.000	split-group
chr3	185013140	185013140	1	1	1	1.000	split-group
chr3	185013225	185013225	1	1	1	1.000	GACCTCGTGAT
chr3	185013269	185013269	1	1	1	1.000	ACAGGCGTAAG
chr3	185013281	185013281	1	1	1	1.000	CACAGCGCCCA
chr3	185013787	185013787	1	1	1	1.000	ACTTTCGGAGG
chr3	185013887	185013887	1	1	1	1.000	TGAGCCGGGCA
chr3	185013971	185013971	1	1	1	1.000	GGCTGCGGTGA
chr4	8071176	8071176	1	1	1	1.000	GGGGACGCAAG
chr4	8071201	8071201	1	1	1	1.000	GCCAGCGTGGA
chr4	8071231	8071231	1	1	1	1.000	split-group
chr4	8071237	8071237	1	1	1	1.000	split-group
chr4	8071268	8071268	1	1	1	1.000	AGATGCGGCAA
chr4	8071284	8071284	1	1	1	1.000	split-group
chr4	8071292	8071292	1	1	1	1.000	split-group
chr4	8071342	8071342	1	1	1	1.000	CTTTCCGTGTG
chr4	29180335	29180335	1	1	0	0.000	AAAGACGTTTT
chr4	29180425	29180425	1	1	1	1.000	split-group
chr4	29180431	29180431	1	1	1	1.000	split-group
chr4	32572228	32572228	1	1	1	1.000	ATGACCGTAGT
chr4	32572885	32572885	1	1	1	1.000	TCTTCCGTTAG
chr4	32615143	32615143	1	1	1	1.000	AAACTCGTCAG
chr4	32615226	32615226	1	1	0	0.000	ATCTCCGTTCT
chr4	37094778	37094778	1	1	1	1.000	AGCCACGTCTG
chr4	37095408	37095408	1	1	1	1.000	AACCCCGCCTA
chr4	37095886	37095886	1	1	0	0.000	CATCTCGAATC
chr4	37096120	37096120	1	1	1	1.000	GGCATCGCACT
chr4	56012375	56012375	1	1	1	1.000	CAACTCGCTTC
chr4	56012534	56012534	1	1	1	1.000	TGAACCGCCTT
chr4	56012925	56012925	1	1	0	0.000	TTCCACGGATC
chr4	56013104	56013104	1	1	1	1.000	CTTAGCGTGTT
chr4	56013128	56013128	1	1	1	1.000	TTGTACGGTTA
chr4	65796298	65796298	1	1	0	0.000	TCCTCCGTCAT
chr4	65796730	65796730	1	1	1	1.000	ATTTACGTTAG
chr4	65796747	65796747	1	1	1	1.000	AGTATCGACCA
chr4	65797424	65797424	1	1	1	1.000	ATCTGCGTGGA
chr4	65797461	65797461	1	1	1	1.000	TTACTCGCAGA
chr4	65798136	65798136	1	1	1	1.000	TACACCGTATT
chr4	65799117	65799117	1	1	1	1.000	GAAGACGTTAG
chr4	65799524	65799524	1	1	1	1.000	ATGACCGTAGA
chr4	65799625	65799625	1	1	1	1.000	TGATGCGGAAT
chr4	65800424	65800424	1	1	0	0.000	GACATCGAAAG
chr4	65800755	65800755	1	1	1	1.000	GGAAACGTATT
chr4	65801232	65801232	1	1	0	0.000	AACCACGACTC
chr4	69158769	69158769	1	1	1	1.000	ATGAACGAATT
chr4	69158835	69158835	1	1	1	1.000	AATGACGAGCC
chr4	69158953	69158953	1	1	0	0.000	TGGGTCGAATT
chr4	69159117	69159117	1	1	1	1.000	GATCTCGATAA
chr4	70874443	70874443	1	1	0	0.000	TATCACGTCAA
chr4	70874527	70874527	1	1	0	0.000	ATGTGCGAGTA
chr4	70874681	70874681	1	1	0	0.000	TCTGCCGAGTC
chr4	71046406	71046406	1	1	1	1.000	AAGAGCGATCA
chr4	71046627	71046627	1	1	1	1.000	GCCTTCGCATC
chr4	73137010	73137010	1	1	0	0.000	split-group
chr4	73137017	73137017	1	1	0	0.000	split-group
chr4	73137113	73137113	1	1	1	1.000	GAAGACGATTG
chr4	73137176	73137176	1	1	0	0.000	CAACACGTATA
chr4	87143649	87143649	1	1	1	1.000	GGCATCGCCTT
chr4	88560876	88560876	1	1	1	1.000	GAAGTCGAATC
chr4	118378089	118378089	1	1	0	0.000	CACTACGCCCA
chr4	118769561	118769561	1	1	0	0.000	TGCACCGACTC
chr4	118770032	118770032	1	1	0	0.000	TTATTCGTGTT
chr4	152553348	152553348	1	1	1	1.000	GGACACGAGAT
chr4	158378248	158378248	1	1	0	0.000	AGCAGCGCAGT
chr4	167591145	167591145	1	1	0	0.000	TCAAACGTTTT
chr4	167591378	167591378	1	1	0	0.000	CTTACCGTACT
chr4	167592272	167592272	1	1	0	0.000	TTGACCGTTAT
chr4	167592616	167592616	1	1	0	0.000	ATCCCCGAAGT
chr4	169348228	169348228	1	1	1	1.000	CACCTCGGCAA
chr4	169348873	169348873	1	1	1	1.000	CCACTCGCTCT
chr4	169348906	169348906	1	1	1	1.000	ACCAACGGTCT
chr4	169349567	169349567	1	1	1	1.000	ATTGACGGTCT
chr4	169349777	169349777	1	1	1	1.000	TTTCACGTATT
chr5	13755204	13755204	1	1	1	1.000	AAGATCGTGCC
chr5	39491622	39491622	1	1	1	1.000	GTCTTCGTGAT
chr5	39492482	39492482	1	1	1	1.000	CTTCACGTTTA
chr5	72859899	72859899	1	1	1	1.000	CTCCACGAGAG
chr5	72860407	72860407	1	1	1	1.000	AACATCGCTAC
chr5	72860597	72860597	1	1	0	0.000	TTAGGCGAAGG
chr5	72860772	72860772	1	1	0	0.000	GCAATCGATAG
chr5	99093100	99093100	1	1	0	0.000	TAAATCGTTCA
chr5	125984616	125984616	1	1	1	1.000	TGGCCCGGACT
chr5	125984646	125984646	1	1	1	1.000	TATTCCGGATA
chr5	125984833	125984833	1	1	1	1.000	TCTATCGTTGA
chr5	125984897	125984897	1	1	1	1.000	TAACTCGAGCC
chr5	125985115	125985115	1	1	1	1.000	TGGCACGTACT
chr5	138270864	138270864	1	1	0	0.000	split-group
chr5	138270869	138270869	1	1	0	0.000	split-group
chr5	138271101	138271101	1	1	0	0.000	GCCTTCGAGAT
chr5	154717422	154717422	1	1	0	0.000	TCCAACGAGAA
chr5	156132839	156132839	1	1	1	1.000	GAGAACGCTAA
chr5	156132923	156132923	1	1	0	0.000	AGTTTCGTGTT
chr5	156133458	156133458	1	1	0	0.000	AACCCCGCCTT
chr5	156134762	156134762	1	1	0	0.000	TTAAACGCCAT
chr5	156135594	156135594	1	1	0	0.000	CATAACGAACA
chr5	156135745	156135745	1	1	0	0.000	split-group
chr5	156135755	156135755	1	1	0	0.000	split-group
chr5	156642726	156642726	1	1	0	0.000	AGTCACGTGGC
chr5	156642887	156642887	1	1	1	1.000	split-group
chr5	156642892	156642892	1	1	1	1.000	split-group
chr5	156643218	156643218	1	1	1	1.000	GTGAACGCAGC
chr5	156643268	156643268	1	1	1	1.000	GGTACCGAGCA
chr5	156643285	156643285	1	1	1	1.000	CAGTGCGGGTC
chr5	156644027	156644027	1	1	1	1.000	TCTCTCGTTAT
chr5	156644039	156644039	1	1	1	1.000	AAGGACGTCTT
chr6	1412666	1412666	1	1	0	0.000	CATGCCGACTT
chr6	1412713	1412713	1	1	1	1.000	GGACTCGATGA
chr6	1412812	1412812	1	1	1	1.000	CCAGACGCAGA
chr6	1412907	1412907	1	1	1	1.000	split-group
chr6	1412912	1412912	1	1	1	1.000	split-group
chr6	1412930	1412930	1	1	1	1.000	split-group
chr6	1412937	1412937	1	1	1	1.000	split-group
chr6	1412960	1412960	1	1	1	1.000	split-group
chr6	1412970	1412970	1	1	1	1.000	split-group
chr6	1413051	1413051	1	1	1	1.000	CTTTTCGCTCC
chr6	8757958	8757958	1	1	1	1.000	TAAACCGCTTG
chr6	8758010	8758010	1	1	1	1.000	TGAATCGCAAG
chr6	8758406	8758406	1	1	1	1.000	TGACACGCCCT
chr6	8758758	8758758	1	1	1	1.000	ATTGACGTATT
chr6	8758810	8758810	1	1	1	1.000	ACTACCGCTCA
chr6	8758845	8758845	1	1	1	1.000	TTTTTCGTGGT
chr6	8759054	8759054	1	1	0	0.000	ATTTACGTGGT
chr6	8759761	8759761	1	1	1	1.000	GCTTCCGAAAC
chr6	12459470	12459470	1	1	1	1.000	TAGATCGACCA
chr6	12460243	12460243	1	1	1	1.000	CAACACGGCTG
chr6	12460420	12460420	1	1	1	1.000	TCTAACGCCTT
chr6	12460494	12460494	1	1	1	1.000	GTCATCGGCAC
chr6	12460721	12460721	1	1	1	1.000	CACTTCGTACC
chr6	14489805	14489805	1	1	1	1.000	GTTTTCGCCCA
chr6	14490070	14490070	1	1	1	1.000	CCTCACGCATT
chr6	16298776	16298776	1	1	1	1.000	ACACCCGGCTA
chr6	16298832	16298832	1	1	1	1.000	GGTCTCGAACT
chr6	16298908	16298908	1	1	1	1.000	split-group
chr6	16298917	16298917	1	1	1	1.000	split-group
chr6	16299027	16299027	1	1	1	1.000	split-group
chr6	16299031	16299031	1	1	1	1.000	split-group
chr6	16299171	16299171	1	1	1	1.000	TCACACGTACT
chr6	16299199	16299199	1	1	1	1.000	AGCAGCGAAGG
chr6	16299254	16299254	1	1	1	1.000	split-group
chr6	16299260	16299260	1	1	1	1.000	split-group
chr6	16299370	16299370	1	1	1	1.000	TAGTACGAGTA
chr6	16299568	16299568	1	1	1	1.000	CACCACGATTA
chr6	36879376	36879376	1	1	0	0.000	AAATTCGAGGA
chr6	36879462	36879462	1	1	1	1.000	TGACACGCTAC
chr6	36879501	36879501	1	1	1	1.000	GATGACGTTCC
chr6	51215889	51215889	1	1	1	1.000	AAAGGCGTCAT
chr6	51216164	51216164	1	1	1	1.000	split-group
chr6	51216174	51216174	1	1	1	1.000	split-group
chr6	51216473	51216473	1	1	1	1.000	GGTCTCGCCTT
chr6	51216750	51216750	1	1	0	0.000	ACCAACGGCCT
chr6	51216803	51216803	1	1	0	0.000	TGTAACGAATG
chr6	72590008	72590008	1	1	0	0.000	AACTACGACCA
chr6	77839739	77839739	1	1	0	0.000	CCTCACGAAAA
chr6	77839869	77839869	1	1	1	1.000	split-group
chr6	77839879	77839879	1	1	1	1.000	split-group
chr6	77840185	77840185	1	1	1	1.000	TGTCACGTATA
chr6	85524815	85524815	1	1	1	1.000	GAATGCGTCAC
chr6	85524925	85524925	1	1	0	0.000	TAGAGCGGTTG
chr6	93309551	93309551	1	1	1	1.000	ATGATCGATAG
chr6	93309852	93309852	1	1	0	0.000	CCAGACGTATT
chr6	93310993	93310993	1	1	1	1.000	TGCTACGTAAT
chr6	113188121	113188121	1	1	1	1.000	TATTACGATGT
chr6	113188697	113188697	1	1	1	1.000	ACAGCCGTTTA
chr6	113190483	113190483	1	1	1	1.000	ATACACGAGCA
chr6	113190595	113190595	1	1	1	1.000	ATCAACGAGAC
chr6	113190736	113190736	1	1	1	1.000	AAAATCGACCA
chr6	113191459	113191459	1	1	1	1.000	GAAGTCGAATC
chr6	113191699	113191699	1	1	1	1.000	AAAAACGAAAA
chr6	113191732	113191732	1	1	1	1.000	AACATCGATGC
chr6	113191861	113191861	1	1	1	1.000	ATAAACGTAAT
chr6	113766124	113766124	1	1	1	1.000	TGTTTCGGTTA
chr6	113766318	113766318	1	1	1	1.000	ACTTTCGGCAG
chr6	113766338	113766338	1	1	1	1.000	TTTCACGATAT
chr6	113766528	113766528	1	1	1	1.000	AACATCGCTAA
chr6	123274167	123274167	1	1	1	1.000	GGGGCCGCTTC
chr6	123274903	123274903	1	1	1	1.000	GCTAGCGTGTG
chr6	123275425	123275425	1	1	0	0.000	ATCATCGACTT
chr6	135177609	135177609	1	1	1	1.000	CACATCGCAAC
chr6	135179259	135179259	1	1	1	1.000	TGCCCCGCTTT
chr6	135179474	135179474	1	1	1	1.000	AATTGCGTGTA
chr6	139103671	139103671	1	1	0	0.000	AGATCCGTCCT
chr6	139103773	139103773	1	1	1	1.000	AAACACGTATC
chr6	139103881	139103881	1	1	0	0.000	AAGGACGATTT
chr6	141043844	141043844	1	1	1	1.000	TAGCTCGTTTT
chr6	141043935	141043935	1	1	1	1.000	AAGTTCGAGAT
chr6	141043975	141043975	1	1	1	1.000	AGAGCCGCTCT
chr6	158641893	158641893	1	1	0	0.000	ATGTACGAGAA
chr6	158642094	158642094	1	1	0	0.000	split-group
chr6	158642096	158642096	1	1	0	0.000	split-group
chr6	158642103	158642103	1	1	0	0.000	split-group
chr6	158642122	158642122	1	1	0	0.000	split-group
chr6	158642130	158642130	1	1	0	0.000	split-group
chr6	158642335	158642335	1	1	0	0.000	TATTACGTTAA
chr6	158642555	158642555	1	1	0	0.000	ACAGGCGGTTT
chr6	158642683	158642683	1	1	1	1.000	GAAAACGATTT
chr6	158642745	158642745	1	1	1	1.000	AGAAACGGGCT
chr6	158642794	158642794	1	1	0	0.000	GAGGCCGAGGT
chr6	158642826	158642826	1	1	0	0.000	GAGTTCGAGAC
chr6	158642891	158642891	1	1	1	1.000	split-group
chr6	158642895	158642895	1	1	1	1.000	split-group
chr6	158642949	158642949	1	1	1	1.000	AGAATCGCTTG
chr6	158643114	158643114	1	1	1	1.000	split-group
chr6	158643118	158643118	1	1	1	1.000	split-group
chr6	158643246	158643246	1	1	0	0.000	AACCACGGACT
chr6	158643443	158643443	1	1	0	0.000	split-group
chr6	158643445	158643445	1	1	0	0.000	split-group
chr6	158643498	158643498	1	1	0	0.000	GGCTGCGGGTA
chr6	158643658	158643658	1	1	1	1.000	GAGGGCGAAAG
chr6	158643718	158643718	1	1	0	0.000	TAACACGTGGC
chr6	158644027	158644027	1	1	1	1.000	AAGGGCGAGGT
chr6	158644051	158644051	1	1	0	0.000	GAGGCCGAGAG
chr6	158644161	158644161	1	1	1	1.000	split-group
chr6	158644167	158644167	1	1	1	1.000	split-group
chr6	158644315	158644315	1	1	1	1.000	TCCAACGGTGC
chr6	158644347	158644347	1	1	1	1.000	split-group
chr6	158644353	158644353	1	1	1	1.000	split-group
chr6	158644574	158644574	1	1	1	1.000	split-group
chr6	158644576	158644576	1	1	1	1.000	split-group
chr6	158644806	158644806	1	1	1	1.000	GGTGGCGGCAC
chr6	158644836	158644836	1	1	1	1.000	GTGACCGTCTA
chr6	158644917	158644917	1	1	1	1.000	CTACACGACAG
chr6	158645024	158645024	1	1	1	1.000	ACCCTCGGCTG
chr6	158645039	158645039	1	1	0	0.000	CTCCACGGCTC
chr6	158645111	158645111	1	1	1	1.000	CAGCACGGACA
chr6	158645175	158645175	1	1	1	1.000	AATCACGGATT
chr6	158645332	158645332	1	1	1	1.000	split-group
chr6	158645334	158645334	1	1	1	1.000	split-group
chr6	158645490	158645490	1	1	1	1.000	ATCCTCGTGCC
chr6	158645604	158645604	1	1	0	0.000	GGTCTCGAACT
chr6	165280168	165280168	1	1	1	1.000	split-group
chr6	165280177	165280177	1	1	1	1.000	split-group
chr6	165280317	165280317	1	1	1	1.000	ACCCACGATAG
chr6	169876338	169876338	1	1	1	1.000	CCCCTCGTGGC
chr7	4927762	4927762	1	1	1	1.000	TCAAGCGATCC
chr7	27522830	27522830	1	1	1	1.000	split-group
chr7	27522834	27522834	1	1	1	1.000	split-group
chr7	27522879	27522879	1	1	1	1.000	CAAGGCGGGCA
chr7	27522972	27522972	1	1	1	1.000	split-group
chr7	27522979	27522979	1	1	1	1.000	split-group
chr7	27523021	27523021	1	1	1	1.000	AGAATCGCTTG
chr7	27523092	27523092	1	1	1	1.000	CAGAGCGAGAC
chr7	27523307	27523307	1	1	1	1.000	AAGTCCGTAGT
chr7	27523801	27523801	1	1	0	0.000	AGTCTCGCTCT
chr7	27523830	27523830	1	1	0	0.000	AGTGGCGTGAT
chr7	27524020	27524020	1	1	1	1.000	ACCTTCGCCTC
chr7	27524047	27524047	1	1	1	1.000	split-group
chr7	27524057	27524057	1	1	1	1.000	split-group
chr7	27524059	27524059	1	1	1	1.000	split-group
chr7	27524063	27524063	1	1	1	1.000	split-group
chr7	27524430	27524430	1	1	1	1.000	GTCTTCGGTCC
chr7	27524645	27524645	1	1	1	1.000	GATCACGAGGT
chr7	27524659	27524659	1	1	1	1.000	GAGTTCGAGAC
chr7	27524723	27524723	1	1	1	1.000	split-group
chr7	27524733	27524733	1	1	1	1.000	split-group
chr7	27524735	27524735	1	1	1	1.000	split-group
chr7	27524841	27524841	1	1	1	1.000	CTAGGCGACAG
chr7	27525003	27525003	1	1	1	1.000	CATCTCGGCTC
chr7	35690011	35690011	1	1	1	1.000	split-group
chr7	35690018	35690018	1	1	1	1.000	split-group
chr7	48607434	48607434	1	1	1	1.000	ATGAGCGATTT
chr7	48607545	48607545	1	1	0	0.000	CAATACGTATA
chr7	48607783	48607783	1	1	1	1.000	CATTGCGTCCC
chr7	49958390	49958390	1	1	0	0.000	CTGGGCGTGGT
chr7	49958402	49958402	1	1	0	0.000	GCTCACGCCTA
chr7	52565527	52565527	1	1	1	1.000	ACCAACGTTTA
chr7	52566049	52566049	1	1	1	1.000	TCATACGTAAA
chr7	52566894	52566894	1	1	1	1.000	ATATGCGCTAT
chr7	52568200	52568200	1	1	1	1.000	GAGTCCGCTTT
chr7	52568513	52568513	1	1	0	0.000	TTTTTCGAAGA
chr7	52568935	52568935	1	1	1	1.000	ACAGTCGTAGA
chr7	54310670	54310670	1	1	1	1.000	split-group
chr7	54310677	54310677	1	1	1	1.000	split-group
chr7	54310893	54310893	1	1	1	1.000	GCAGACGAAGA
chr7	54311241	54311241	1	1	1	1.000	AGATTCGTAAA
chr7	54311695	54311695	1	1	1	1.000	TATCACGGAAA
chr7	54598093	54598093	1	1	1	1.000	TCTTGCGTAAA
chr7	54598483	54598483	1	1	1	1.000	AAATTCGGCCC
chr7	54598513	54598513	1	1	1	1.000	TAAGGCGACAC
chr7	54598553	54598553	1	1	0	0.000	AGCAACGGAAC
chr7	54598614	54598614	1	1	0	0.000	split-group
chr7	54598619	54598619	1	1	0	0.000	split-group
chr7	54598646	54598646	1	1	1	1.000	ATCTCCGGGCC
chr7	54598804	54598804	1	1	1	1.000	AATCTCGCTTA
chr7	54598830	54598830	1	1	0	0.000	GGTTTCGTCAC
chr7	54598897	54598897	1	1	1	1.000	ACTCCCGCAGG
chr7	54711004	54711004	1	1	0	0.000	TTTCTCGTAGC
chr7	54711055	54711055	1	1	1	1.000	ATTGACGGTAA
chr7	54711150	54711150	1	1	1	1.000	AATCTCGCCAG
chr7	54711235	54711235	1	1	1	1.000	TATCCCGTCAT
chr7	54711247	54711247	1	1	1	1.000	GATCCCGTACC
chr7	54711419	54711419	1	1	1	1.000	CTCACCGCTGC
chr7	54739327	54739327	1	1	1	1.000	AAAACCGGATT
chr7	54739362	54739362	1	1	1	1.000	CCCAGCGTTCC
chr7	54935716	54935716	1	1	1	1.000	CTTCTCGAGCC
chr7	54984799	54984799	1	1	1	1.000	GATATCGCAAC
chr7	55626572	55626572	1	1	1	1.000	AATAACGCAGA
chr7	55626630	55626630	1	1	1	1.000	GTTAGCGACAA
chr7	57638774	57638774	1	1	1	1.000	CCCACCGTCTT
chr7	57638956	57638956	1	1	0	0.000	split-group
chr7	57638960	57638960	1	1	0	0.000	split-group
chr7	57638965	57638965	1	1	0	0.000	split-group
chr7	57638997	57638997	1	1	0	0.000	TCCTCCGCCCA
chr7	57639283	57639283	1	1	1	1.000	split-group
chr7	57639293	57639293	1	1	1	1.000	split-group
chr7	57639298	57639298	1	1	1	1.000	split-group
chr7	57639300	57639300	1	1	1	1.000	split-group
chr7	57639306	57639306	1	1	1	1.000	split-group
chr7	57639359	57639359	1	1	0	0.000	split-group
chr7	57639369	57639369	1	1	0	0.000	split-group
chr7	57639378	57639378	1	1	0	0.000	split-group
chr7	67533986	67533986	1	1	0	0.000	GCATACGGATT
chr7	67534336	67534336	1	1	0	0.000	split-group
chr7	67534340	67534340	1	1	0	0.000	split-group
chr7	67534438	67534438	1	1	1	1.000	GACTTCGATTG
chr7	67534676	67534676	1	1	1	1.000	AGTCTCGCTCT
chr7	67534707	67534707	1	1	1	1.000	split-group
chr7	67534711	67534711	1	1	1	1.000	split-group
chr7	79817008	79817008	1	1	1	1.000	GGGCCCGGTGT
chr7	90149961	90149961	1	1	0	0.000	CTGTGCGACTT
chr7	90149984	90149984	1	1	1	1.000	CATTGCGTGTC
chr7	90150020	90150020	1	1	1	1.000	AATAGCGCCAC
chr7	90151100	90151100	1	1	1	1.000	CCATGCGCCAA
chr7	93114290	93114290	1	1	0	0.000	GAAATCGAGTT
chr7	95288129	95288129	1	1	0	0.000	split-group
chr7	95288138	95288138	1	1	0	0.000	split-group
chr7	95288170	95288170	1	1	0	0.000	GGCCCCGCCTC
chr7	95288205	95288205	1	1	1	1.000	AATGGCGGGGG
chr7	95948577	95948577	1	1	1	1.000	split-group
chr7	95948585	95948585	1	1	1	1.000	split-group
chr7	95948641	95948641	1	1	1	1.000	GATCACGAGGT
chr7	95948723	95948723	1	1	1	1.000	TGGCACGTGCC
chr7	105826360	105826360	1	1	1	1.000	TAATACGTCAT
chr7	124045225	124045225	1	1	1	1.000	CACATCGAAGA
chr7	124787632	124787632	1	1	1	1.000	AAATACGAATG
chr7	124788000	124788000	1	1	1	1.000	GTTGGCGGATC
chr7	124788053	124788053	1	1	1	1.000	TACAACGATCT
chr7	124788230	124788230	1	1	1	1.000	AAGATCGCAGA
chr7	148104516	148104516	1	1	1	1.000	TTGGCCGGGCA
chr7	148105000	148105000	1	1	1	1.000	ATATACGTATC
chr7	148105552	148105552	1	1	1	1.000	GAAAACGGAGT
chr7	148105828	148105828	1	1	1	1.000	GACTTCGGGAT
chr7	148105848	148105848	1	1	1	1.000	TTTACCGGGCT
chr7	148106263	148106263	1	1	0	0.000	GAAGTCGTGTT
chr7	148106548	148106548	1	1	1	1.000	AAACTCGGCTA
chr7	148106805	148106805	1	1	1	1.000	GAATTCGAGAC
chr7	148107128	148107128	1	1	0	0.000	split-group
chr7	148107136	148107136	1	1	0	0.000	split-group
chr7	148107330	148107330	1	1	1	1.000	CCTTTCGCATC
chr7	148107418	148107418	1	1	1	1.000	split-group
chr7	148107426	148107426	1	1	1	1.000	split-group
chr7	148107518	148107518	1	1	0	0.000	split-group
chr7	148107526	148107526	1	1	0	0.000	split-group
chr7	148107550	148107550	1	1	0	0.000	CTACTCGGGAG
chr7	148107854	148107854	1	1	1	1.000	AAACACGTAAC
chr8	1159686	1159686	1	1	0	0.000	CTGAACGTGTT
chr8	22344770	22344770	1	1	1	1.000	TCTGCCGCTGA
chr8	22344861	22344861	1	1	1	1.000	CTGGGCGCCCT
chr8	22344876	22344876	1	1	0	0.000	CACACCGGTAA
chr8	24697260	24697260	1	1	0	0.000	split-group
chr8	24697265	24697265	1	1	0	0.000	split-group
chr8	24697397	24697397	1	1	1	1.000	AAAGACGGCAC
chr8	24697431	24697431	1	1	1	1.000	TGGCTCGGAGG
chr8	24697449	24697449	1	1	1	1.000	ACCCACGGAGT
chr8	24697794	24697794	1	1	0	0.000	ACCCCCGAGTA
chr8	24698050	24698050	1	1	0	0.000	GACATCGACAC
chr8	24698269	24698269	1	1	0	0.000	split-group
chr8	24698272	24698272	1	1	0	0.000	split-group
chr8	24698440	24698440	1	1	1	1.000	split-group
chr8	24698445	24698445	1	1	1	1.000	split-group
chr8	24698739	24698739	1	1	1	1.000	CTCCTCGAGAA
chr8	24698828	24698828	1	1	0	0.000	AAGGTCGGGTT
chr8	27674183	27674183	1	1	1	1.000	CACTGCGCCCA
chr8	61425887	61425887	1	1	1	1.000	ATAGCCGAAAA
chr8	61426064	61426064	1	1	1	1.000	TTTTTCGAAGA
chr8	65438420	65438420	1	1	1	1.000	AGATGCGTATG
chr8	65438923	65438923	1	1	1	1.000	split-group
chr8	65438932	65438932	1	1	1	1.000	split-group
chr8	65439045	65439045	1	1	1	1.000	split-group
chr8	65439049	65439049	1	1	1	1.000	split-group
chr8	75614112	75614112	1	1	1	1.000	ATGTCCGGTGA
chr8	75614272	75614272	1	1	1	1.000	CAGAACGGGTG
chr8	77467330	77467330	1	1	1	1.000	GCTGTCGCTGT
chr8	77467348	77467348	1	1	1	1.000	ATTAACGTGAT
chr8	77467429	77467429	1	1	1	1.000	ACATACGTTAT
chr8	77467450	77467450	1	1	1	1.000	TTCTGCGCCAA
chr8	104372884	104372884	1	1	1	1.000	CACCACGTTTT
chr8	104373037	104373037	1	1	1	1.000	TTAGCCGATAC
chr8	104373166	104373166	1	1	1	1.000	ACCTACGGCCA
chr8	104373762	104373762	1	1	1	1.000	CCAGCCGAGCT
chr8	104374054	104374054	1	1	1	1.000	GAGGCCGAGGT
chr8	133481194	133481194	1	1	1	1.000	GAAAACGCTTC
chr8	137591700	137591700	1	1	0	0.000	GGAGACGTGCT
chr8	137591874	137591874	1	1	0	0.000	CATGTCGAGTC
chr8	137591919	137591919	1	1	0	0.000	GTGTGCGATTG
chr8	137592380	137592380	1	1	0	0.000	GAGGTCGAGGC
chr8	137592481	137592481	1	1	1	1.000	AAAAGCGTAAG
chr8	140950185	140950185	1	1	1	1.000	split-group
chr8	140950188	140950188	1	1	1	1.000	split-group
chr8	140950508	140950508	1	1	0	0.000	TCAGCCGTCCC
chr8	140950519	140950519	1	1	1	1.000	TATGCCGAAAT
chr8	140950589	140950589	1	1	1	1.000	TGAGACGGAGT
chr8	140950627	140950627	1	1	1	1.000	split-group
chr8	140950629	140950629	1	1	1	1.000	split-group
chr8	140950652	140950652	1	1	1	1.000	split-group
chr8	140950659	140950659	1	1	1	1.000	split-group
chr8	140950667	140950667	1	1	1	1.000	split-group
chr8	140950691	140950691	1	1	1	1.000	CCTCCCGAGTA
chr8	140950711	140950711	1	1	1	1.000	ACAGGCGCCCA
chr8	140950768	140950768	1	1	1	1.000	TTCACCGTGTT
chr8	140950802	140950802	1	1	1	1.000	GACCTCGTGAT
chr8	146054014	146054014	1	1	0	0.000	CTGAACGTTCT
chr8	146054055	146054055	1	1	1	1.000	split-group
chr8	146054061	146054061	1	1	1	1.000	split-group
chr9	235057	235057	1	1	1	1.000	GGTGACGTACA
chr9	235168	235168	1	1	1	1.000	CCAGACGCTGT
chr9	235224	235224	1	1	0	0.000	TGAACCGCAAA
chr9	235335	235335	1	1	0	0.000	CTACTCGGGGG
chr9	235551	235551	1	1	1	1.000	split-group
chr9	235560	235560	1	1	1	1.000	split-group
chr9	235564	235564	1	1	1	1.000	split-group
chr9	235594	235594	1	1	1	1.000	TAACTCGGCAA
chr9	235624	235624	1	1	1	1.000	split-group
chr9	235630	235630	1	1	1	1.000	split-group
chr9	235671	235671	1	1	0	0.000	ATGAGCGAGAG
chr9	235731	235731	1	1	1	1.000	TGTGCCGTTTT
chr9	235755	235755	1	1	1	1.000	AAAAGCGCAGT
chr9	235779	235779	1	1	1	1.000	split-group
chr9	235787	235787	1	1	1	1.000	split-group
chr9	235794	235794	1	1	1	1.000	split-group
chr9	235877	235877	1	1	1	1.000	split-group
chr9	235884	235884	1	1	1	1.000	split-group
chr9	235893	235893	1	1	1	1.000	split-group
chr9	235947	235947	1	1	0	0.000	GAACCCGGTAC
chr9	235990	235990	1	1	1	1.000	split-group
chr9	235996	235996	1	1	1	1.000	split-group
chr9	236029	236029	1	1	1	1.000	CTATTCGGCCA
chr9	236356	236356	1	1	1	1.000	AGCTGCGTTAG
chr9	736932	736932	1	1	1	1.000	GGTTACGTGGC
chr9	2628442	2628442	1	1	1	1.000	CAGCCCGTATA
chr9	2629038	2629038	1	1	1	1.000	TGGACCGAAAT
chr9	2629214	2629214	1	1	1	1.000	GAGAACGACTG
chr9	2629247	2629247	1	1	1	1.000	GCTAACGATTT
chr9	2629265	2629265	1	1	1	1.000	ATATCCGATGG
chr9	2629633	2629633	1	1	1	1.000	AAAAACGATTT
chr9	2629774	2629774	1	1	1	1.000	GCCCCCGAACT
chr9	2629812	2629812	1	1	1	1.000	GTTTTCGAGAT
chr9	2629864	2629864	1	1	1	1.000	TATCTCGGCTC
chr9	2630039	2630039	1	1	1	1.000	CTGCCCGCCTC
chr9	2630082	2630082	1	1	1	1.000	GCCACCGTGCC
chr9	2630501	2630501	1	1	1	1.000	AAGTACGCTCT
chr9	2630607	2630607	1	1	1	1.000	TAGTCCGTTTG
chr9	2630895	2630895	1	1	1	1.000	CCTGCCGAATG
chr9	3301723	3301723	1	1	1	1.000	split-group
chr9	3301727	3301727	1	1	1	1.000	split-group
chr9	3301973	3301973	1	1	1	1.000	TAAATCGTCTC
chr9	3302017	3302017	1	1	1	1.000	TCTCACGAAAG
chr9	3302034	3302034	1	1	1	1.000	CATACCGCAGA
chr9	3302220	3302220	1	1	1	1.000	TTTTACGATGT
chr9	3302356	3302356	1	1	1	1.000	ATGTACGATTA
chr9	28496983	28496983	1	1	1	1.000	TTGGCCGCCAC
chr9	28497024	28497024	1	1	1	1.000	AGATCCGCAGC
chr9	28497150	28497150	1	1	0	0.000	CTTCTCGAGAA
chr9	28497443	28497443	1	1	1	1.000	split-group
chr9	28497448	28497448	1	1	1	1.000	split-group
chr9	28497598	28497598	1	1	1	1.000	GGGTTCGAACT
chr9	28498003	28498003	1	1	1	1.000	CTGATCGTTCC
chr9	83988518	83988518	1	1	1	1.000	CAGTCCGCACC
chr9	83988542	83988542	1	1	1	1.000	CTGAGCGAAAC
chr9	83988910	83988910	1	1	1	1.000	split-group
chr9	83988912	83988912	1	1	1	1.000	split-group
chr9	88614635	88614635	1	1	1	1.000	ATGCCCGAATA
chr9	100006127	100006127	1	1	1	1.000	GCCTCCGACAC
chr9	100006228	100006228	1	1	1	1.000	split-group
chr9	100006232	100006232	1	1	1	1.000	split-group
chr9	100006282	100006282	1	1	1	1.000	ACCTCCGCCTC
chr9	100006299	100006299	1	1	1	1.000	TCAAGCGATTC
chr9	100006393	100006393	1	1	1	1.000	GGTTTCGCCAT
chr9	100006416	100006416	1	1	1	1.000	GGTCTCGAACT
chr9	100006488	100006488	1	1	1	1.000	split-group
chr9	100006497	100006497	1	1	1	1.000	split-group
chr9	100006536	100006536	1	1	0	0.000	TAAGCCGAAAG
chr9	100007515	100007515	1	1	1	1.000	TATCTCGGCTT
chr9	100007916	100007916	1	1	1	1.000	GTTCTCGGCTC
chr9	100007996	100007996	1	1	1	1.000	GCATGCGCCAC
chr9	100008067	100008067	1	1	1	1.000	GGTCTCGAACT
chr9	100008090	100008090	1	1	1	1.000	TGATCCGCCTG
chr9	100008425	100008425	1	1	1	1.000	ATTATCGTCAA
chr9	100008878	100008878	1	1	1	1.000	GAGTTCGAGTC
chr9	100009227	100009227	1	1	1	1.000	TGATCCGCCCA
chr9	112481184	112481184	1	1	1	1.000	TATCTCGATTT
chr9	112481232	112481232	1	1	1	1.000	TTTTTCGTACT
chr9	112481425	112481425	1	1	1	1.000	GATATCGAGGA
chr9	115603135	115603135	1	1	1	1.000	CTCACCGCAAG
chr9	115603151	115603151	1	1	1	1.000	CCTCCCGGGTC
chr9	115603215	115603215	1	1	1	1.000	CACCACGCCTG
chr9	115603262	115603262	1	1	1	1.000	GGTCTCGATCT
chr9	115603276	115603276	1	1	1	1.000	split-group
chr9	115603283	115603283	1	1	1	1.000	split-group
chr9	115603287	115603287	1	1	1	1.000	split-group
chr9	115603292	115603292	1	1	1	1.000	split-group
chr9	115603387	115603387	1	1	0	0.000	GTGTCCGTGGA
chr9	115603840	115603840	1	1	0	0.000	ATCCCCGATAG
chr9	115603934	115603934	1	1	1	1.000	GGGCACGATAG
chr9	115604096	115604096	1	1	1	1.000	TCCTCCGAGAG
chrX	42893559	42893559	1	1	1	1.000	TAAGACGTTTA
chrX	42894191	42894191	1	1	1	1.000	AGTATCGTACT
chrX	42894926	42894926	1	1	1	1.000	ATCCTCGTCTT
chrX	42895011	42895011	1	1	1	1.000	TTCATCGGGTT
chrX	42895232	42895232	1	1	1	1.000	ATATTCGTAAG
chrX	101776953	101776953	1	1	1	1.000	GTCAACGTTCC
chrX	104105454	104105454	1	1	0	0.000	GACTACGAAAT
chrX	104105706	104105706	1	1	0	0.000	TTTTCCGCCAT
chrX	111016253	111016253	1	1	1	1.000	split-group
chrX	111016257	111016257	1	1	1	1.000	split-group
chrX	111016442	111016442	1	1	1	1.000	TTTTCCGAAAA
chrX	111017270	111017270	1	1	1	1.000	CACAACGATAA
chrX	111017371	111017371	1	1	1	1.000	TAGAACGTAAG
chrX	111017691	111017691	1	1	1	1.000	CTTAGCGAAGC
chrX	111017754	111017754	1	1	1	1.000	ATTTTCGGACA
chrX	111018362	111018362	1	1	1	1.000	GATCACGTTTA
chrX	111018825	111018825	1	1	1	1.000	TAATTCGCCTA
chrX	111018956	111018956	1	1	1	1.000	AAGAACGAAAC
chrX	111019547	111019547	1	1	1	1.000	AGAGGCGAGTT
chrX	111020201	111020201	1	1	1	1.000	CATACCGAAAG
chrX	120754393	120754393	1	1	1	1.000	TTTCTCGTGCT
chrX	120755316	120755316	1	1	0	0.000	CCCAGCGGAGA
chrX	120755493	120755493	1	1	0	0.000	CAGTGCGTGGC
chrX	131301999	131301999	1	1	0	0.000	TGTTTCGTTTT
chrX	131302338	131302338	1	1	0	0.000	CTCTTCGTCTC
chrX	131302634	131302634	1	1	0	0.000	TCTGTCGCCCA
chrY	9427487	9427487	1	1	1	1.000	split-group
chrY	9427489	9427489	1	1	1	1.000	split-group
chrY	9427494	9427494	1	1	1	1.000	split-group
chrY	9427521	9427521	1	1	1	1.000	split-group
chrY	9427528	9427528	1	1	1	1.000	split-group
chrY	9427627	9427627	1	1	1	1.000	TTTTCCGATGG
chrY	9427695	9427695	1	1	1	1.000	split-group
chrY	9427703	9427703	1	1	1	1.000	split-group
chrY	9427744	9427744	1	1	1	1.000	CAAGGCGGCAG
chrY	9427814	9427814	1	1	0	0.000	AGGAACGTCCA
chrY	9428149	9428149	1	1	0	0.000	ACTAACGAACA
